{"cameraMode":{"drawMode":0,"name":"Shaded","section":"Shading Mode"},"sceneLighting":false,"audioPlay":false,"sceneViewState":{"m_AlwaysRefresh":false,"showFog":true,"showSkybox":false,"showFlares":true,"showImageEffects":true,"showParticleSystems":true,"showVisualEffectGraphs":true,"m_FxEnabled":true},"in2DMode":false,"pivot":{"x":24.697208404541017,"y":1.6416831016540528,"z":27.394981384277345},"rotation":{"x":0.48120421171188357,"y":0.08911818265914917,"z":-0.04925378039479256,"w":0.8706750869750977},"size":2.8078463077545168,"orthographic":false}