{"cameraMode":{"drawMode":0,"name":"Shaded","section":"Shading Mode"},"sceneLighting":true,"audioPlay":false,"sceneViewState":{"m_AlwaysRefresh":false,"showFog":true,"showSkybox":true,"showFlares":true,"showImageEffects":true,"showParticleSystems":true,"showVisualEffectGraphs":true,"m_FxEnabled":true},"in2DMode":false,"pivot":{"x":39.709999084472659,"y":2.0799999237060549,"z":54.150001525878909},"rotation":{"x":0.12362459301948548,"y":-0.09362903237342835,"z":0.011717477813363076,"w":0.9878333210945129},"size":0.9882788062095642,"orthographic":true}