{"cameraMode":{"drawMode":0,"name":"Shaded","section":"Shading Mode"},"sceneLighting":true,"audioPlay":false,"sceneViewState":{"m_AlwaysRefresh":false,"showFog":true,"showSkybox":true,"showFlares":true,"showImageEffects":true,"showParticleSystems":true,"showVisualEffectGraphs":true,"m_FxEnabled":true},"in2DMode":false,"pivot":{"x":35.40026092529297,"y":1.6395294666290284,"z":33.7979850769043},"rotation":{"x":0.013495713472366333,"y":-0.013798451982438565,"z":0.0001857766037574038,"w":0.9998201727867127},"size":6.108175754547119,"orthographic":true}