{"cameraMode":{"drawMode":0,"name":"Shaded","section":"Shading Mode"},"sceneLighting":true,"audioPlay":false,"sceneViewState":{"m_AlwaysRefresh":false,"showFog":true,"showSkybox":true,"showFlares":true,"showImageEffects":true,"showParticleSystems":true,"showVisualEffectGraphs":true,"m_FxEnabled":true},"in2DMode":false,"pivot":{"x":44.040916442871097,"y":2.4897708892822267,"z":30.72762107849121},"rotation":{"x":0.26004916429519656,"y":0.29664304852485659,"z":-0.08430532366037369,"w":0.9150253534317017},"size":14.051026344299317,"orthographic":true}