{"cameraMode":{"drawMode":0,"name":"Shaded","section":"Shading Mode"},"sceneLighting":true,"audioPlay":false,"sceneViewState":{"m_AlwaysRefresh":false,"showFog":true,"showSkybox":true,"showFlares":true,"showImageEffects":true,"showParticleSystems":true,"showVisualEffectGraphs":true,"m_FxEnabled":true},"in2DMode":false,"pivot":{"x":29.116886138916017,"y":5.933492660522461,"z":30.739015579223634},"rotation":{"x":0.18616221845149995,"y":0.04979011043906212,"z":-0.009447205811738968,"w":0.9812167286872864},"size":13.340752601623536,"orthographic":false}