{"cameraMode":{"drawMode":0,"name":"Shaded","section":"Shading Mode"},"sceneLighting":true,"audioPlay":false,"sceneViewState":{"m_AlwaysRefresh":false,"showFog":true,"showSkybox":true,"showFlares":true,"showImageEffects":true,"showParticleSystems":true,"showVisualEffectGraphs":true,"m_FxEnabled":true},"in2DMode":false,"pivot":{"x":651.3937377929688,"y":299.5667724609375,"z":35.301055908203128},"rotation":{"x":0.02847268246114254,"y":0.04047253727912903,"z":-0.0011538354447111488,"w":0.9987762570381165},"size":332.0027770996094,"orthographic":true}