{"cameraMode":{"drawMode":0,"name":"Shaded","section":"Shading Mode"},"sceneLighting":true,"audioPlay":false,"sceneViewState":{"m_AlwaysRefresh":false,"showFog":true,"showSkybox":true,"showFlares":true,"showImageEffects":true,"showParticleSystems":true,"showVisualEffectGraphs":true,"m_FxEnabled":true},"in2DMode":false,"pivot":{"x":28.03104019165039,"y":2.0496110916137697,"z":27.976726531982423},"rotation":{"x":0.15233339369297028,"y":0.2628099322319031,"z":-0.04206040874123573,"w":0.9518195390701294},"size":4.856209754943848,"orthographic":false}