{"cameraMode":{"drawMode":0,"name":"Shaded","section":"Shading Mode"},"sceneLighting":true,"audioPlay":false,"sceneViewState":{"m_AlwaysRefresh":false,"showFog":true,"showSkybox":true,"showFlares":true,"showImageEffects":true,"showParticleSystems":true,"showVisualEffectGraphs":true,"m_FxEnabled":true},"in2DMode":false,"pivot":{"x":48.643096923828128,"y":2.826037645339966,"z":58.34901428222656},"rotation":{"x":0.04736693575978279,"y":0.023970698937773706,"z":-0.0011371929431334138,"w":0.9985910654067993},"size":9.872560501098633,"orthographic":false}