{"cameraMode":{"drawMode":0,"name":"Shaded","section":"Shading Mode"},"sceneLighting":true,"audioPlay":false,"sceneViewState":{"m_AlwaysRefresh":false,"showFog":true,"showSkybox":true,"showFlares":true,"showImageEffects":true,"showParticleSystems":true,"showVisualEffectGraphs":true,"m_FxEnabled":true},"in2DMode":false,"pivot":{"x":606.02880859375,"y":192.9911346435547,"z":208.15313720703126},"rotation":{"x":0.03149194270372391,"y":-0.013492983765900135,"z":0.0004250680503901094,"w":0.9994136095046997},"size":285.9060974121094,"orthographic":true}