{"cameraMode":{"drawMode":0,"name":"Shaded","section":"Shading Mode"},"sceneLighting":true,"audioPlay":false,"sceneViewState":{"m_AlwaysRefresh":false,"showFog":true,"showSkybox":true,"showFlares":true,"showImageEffects":true,"showParticleSystems":true,"showVisualEffectGraphs":true,"m_FxEnabled":true},"in2DMode":false,"pivot":{"x":28.778522491455079,"y":1.5517237186431885,"z":24.106224060058595},"rotation":{"x":0.32095977663993838,"y":0.07801647484302521,"z":-0.026538485661149026,"w":0.9435042142868042},"size":1.8952444791793824,"orthographic":true}