{"cameraMode":{"drawMode":0,"name":"Shaded","section":"Shading Mode"},"sceneLighting":true,"audioPlay":false,"sceneViewState":{"m_AlwaysRefresh":false,"showFog":true,"showSkybox":true,"showFlares":true,"showImageEffects":true,"showParticleSystems":true,"showVisualEffectGraphs":true,"m_FxEnabled":true},"in2DMode":false,"pivot":{"x":32.856956481933597,"y":-4.6396870613098148,"z":41.58224868774414},"rotation":{"x":0.3563227653503418,"y":-0.22381573915481568,"z":0.08833201229572296,"w":0.9028509259223938},"size":11.965689659118653,"orthographic":false}