{"cameraMode":{"drawMode":0,"name":"Shaded","section":"Shading Mode"},"sceneLighting":true,"audioPlay":false,"sceneViewState":{"m_AlwaysRefresh":false,"showFog":true,"showSkybox":true,"showFlares":true,"showImageEffects":true,"showParticleSystems":true,"showVisualEffectGraphs":true,"m_FxEnabled":true},"in2DMode":false,"pivot":{"x":28.088733673095704,"y":5.682101249694824,"z":26.960376739501954},"rotation":{"x":0.32127049565315249,"y":0.18667908012866975,"z":-0.0647597536444664,"w":0.9261521100997925},"size":10.381169319152832,"orthographic":false}